<?xml version="1.0" encoding="UTF-8"?>
<Configuration status="INFO">
    <Appenders>
        <Console name="console" target="SYSTEM_OUT">
            <PatternLayout
                pattern="[%-5level] %d{yyyy-MM-dd HH:mm:ss.SSS} [%t] %c{1} - %msg%n" />
        </Console>
    </Appenders>
    <Loggers>
        <Root level="debug" additivity="false">
            <AppenderRef ref="console" />
        </Root>
        <Logger name="io.netty" level="warn" additivity="false"/>
    </Loggers>
</Configuration>
