<features xmlns="http://karaf.apache.org/xmlns/features/v1.0.0" name="newts-1.5.2">

    <feature name="netty" description="Netty IO library" version="4.0.56.Final">
      <bundle dependency="true">mvn:io.netty/netty-handler/4.0.56.Final</bundle>
      <bundle dependency="true">mvn:io.netty/netty-common/4.0.56.Final</bundle>
      <bundle dependency="true">mvn:io.netty/netty-buffer/4.0.56.Final</bundle>
      <bundle dependency="true">mvn:io.netty/netty-transport/4.0.56.Final</bundle>
      <bundle dependency="true">mvn:io.netty/netty-codec/4.0.56.Final</bundle>
    </feature>

    <feature name="cassandra-driver" description="Datastax Cassandra Driver" version="3.5.0">
      <feature>netty</feature>
      <bundle dependency="true">mvn:io.dropwizard.metrics/metrics-core/3.2.6</bundle>
      <bundle dependency="true">mvn:org.codehaus.jackson/jackson-core-asl/1.9.13</bundle>
      <bundle dependency="true">mvn:org.codehaus.jackson/jackson-mapper-asl/1.9.13</bundle>
      <bundle dependency="true">mvn:com.datastax.cassandra/cassandra-driver-core/3.5.0</bundle>
    </feature>

    <feature name="fastxml-jackson" description="Jackson JSON library" version="2.5.4">
      <bundle dependency="true">mvn:com.fasterxml.jackson.core/jackson-core/2.5.4</bundle>
      <bundle dependency="true">mvn:com.fasterxml.jackson.core/jackson-databind/2.5.4</bundle>
      <bundle dependency="true">mvn:com.fasterxml.jackson.core/jackson-annotations/2.5.4</bundle>
    </feature>

    <feature name="newts-api" description="Newts API" version="1.5.2">
      <feature>fastxml-jackson</feature>
      <bundle dependency="true">mvn:com.google.guava/guava/18.0</bundle>
      <bundle dependency="true">mvn:org.apache.commons/commons-jexl/2.1.1</bundle>
      <bundle>mvn:org.opennms.newts/newts-api/1.5.2</bundle>
      <bundle>mvn:org.opennms.newts/newts-aggregate/1.5.2</bundle>
    </feature>

    <feature name="newts-cassandra-common" description="Newts Cassandra Common" version="1.5.2">
      <feature>newts-api</feature>
      <feature>cassandra-driver</feature>
      <bundle>mvn:org.opennms.newts/newts-cassandra-common/1.5.2</bundle>
    </feature>

    <feature name="newts-cassandra" description="Newts Cassandra Repository" version="1.5.2">
      <feature>newts-cassandra-common</feature>
      <bundle>mvn:org.opennms.newts/newts-cassandra/1.5.2</bundle>
    </feature>

    <feature name="newts-cassandra-search" description="Newts Cassandra Search" version="1.5.2">
      <feature>newts-cassandra-common</feature>
      <bundle>mvn:org.opennms.newts/newts-cassandra-search/1.5.2</bundle>
    </feature>

</features>
